"","MathItem","MarineItem","MarineName","MathName","webID"
"1",1,1,"dichotomous key","decision tree","Mar Bio"
"2",2,2,"experimental design","statistical power","Mar Bio"
"3",3,3,"performance curves","slope","Mar Bio"
"4",4,3,"performance curves","max/min","Mar Bio"
"5",5,3,"performance curves","limits","Mar Bio"
"6",6,4,"tide","vector","Mar Bio"
"7",6,5,"force","vector","Mar Bio"
"8",7,6,"lunar orbit","ellipse","Mar Bio"
"9",7,4,"tide","ellipse","Mar Bio"
"10",8,4,"tide","log","Mar Bio"
"11",4,5,"force","max/min","Mar Bio"
"12",4,6,"lunar orbit","max/min","Mar Bio"
"13",4,7,"solar orbit","max/min","Mar Bio"
"14",7,6,"lunar orbit","ellipse","Mar Bio"
"15",7,7,"solar orbit","ellipse","Mar Bio"
"16",6,8,"current","vector","Mar Bio"
"17",8,9,"illustration","log","Mar Bio"
"18",8,10,"transects","log","Mar Bio"
"19",3,10,"transects","slope","Mar Bio"
"20",9,11,"topography","3D","Mar Bio"
"21",10,12,"climate","3D visualization","Mar Bio"
"22",11,13,"weather","law of cooling","Mar Bio"
"23",11,14,"ocean","law of cooling","Mar Bio"
"24",12,15,"salinity","percentage","Mar Bio"
"25",13,16,"solutions","proportion/ratio","Mar Bio"
"26",14,17,"solution mixing","rational function ","Mar Bio"
"27",15,8,"current","reflection","Mar Bio"
"28",16,8,"current","angles","Mar Bio"
"29",16,14,"ocean","angles","Mar Bio"
"30",6,18,"wind","vector","Mar Bio"
"31",17,8,"current","cycles","Mar Bio"
"32",18,19,"commonalities","abstraction","Mar Bio"
"33",8,11,"topography","log","Mar Bio"
"34",3,11,"topography","slope","Mar Bio"
"35",4,20,"trench","max/min","Mar Bio"
"36",19,21,"archipelago","relative frame","Mar Bio"
"37",20,22,"erosion","exp growth/decay","Mar Bio"
"38",21,4,"tide","period","Mar Bio"
"39",8,23,"pH","log","Mar Bio"
"40",8,23,"pH","log","Mar Bio"
"41",22,24,"diatoms","symmetry","Mar Bio"
"42",4,25,"life history","max/min","Mar Bio"
"43",13,26,"movement","proportion/ratio","Mar Bio"
"44",23,27,"form/function","shape","Mar Bio"
"45",4,27,"form/function","max/min","Mar Bio"
"46",24,28,"fluids","units","Mar Bio"
"47",4,29,"Reynolds numbers","max/min","Mar Bio"
"48",25,29,"Reynolds numbers",NA,"Mar Bio"
"49",26,4,"tide","variance","Mar Bio"
"50",27,4,"tide","mean","Mar Bio"
"51",28,30,"definition","definition","Mar Bio"
"52",29,31,"classification","classification","Mar Bio"
"53",30,32,"seaweed","model","Mar Bio"
"54",31,32,"seaweed","derivative","Mar Bio"
"55",32,33,"rate of growth","sine","Mar Bio"
"56",8,34,"kelp forest","log","Mar Bio"
"57",30,35,"photosynth/respir cycle","model","Mar Bio"
"58",32,35,"photosynth/respir cycle","sine","Mar Bio"
"59",33,34,"kelp forest","network","Mar Bio"
"60",33,36,"food web","network","Mar Bio"
"61",34,37,"osmosis","diffusion","Mar Bio"
"62",34,37,"osmosis","diffusion","Mar Bio"
"63",35,38,"fish","cross section","Mar Bio"
"64",9,38,"fish","3D","Mar Bio"
"65",35,27,"form/function","cross section","Mar Bio"
"66",9,27,"form/function","3D","Mar Bio"
"67",34,39,"marine mammals","diffusion","Mar Bio"
"68",36,40,"body size","quantity comparison","Mar Bio"
"69",37,39,"marine mammals","density accumulation","Mar Bio"
"70",4,41,"physiology","max/min","Mar Bio"
"71",38,41,"physiology","function","Mar Bio"
"72",8,39,"marine mammals","log","Mar Bio"
"73",22,42,"bivalves","symmetry","Mar Bio"
"74",13,43,"shell","proportion/ratio","Mar Bio"
"75",5,44,"limiting factor","limits","Mar Bio"
"76",39,45,"photosynthesis","surface area","Mar Bio"
"77",40,45,"photosynthesis","plasticity","Mar Bio"
"78",41,46,"ecology","interaction","Mar Bio"
"79",42,36,"food web","graph","Mar Bio"
"80",43,47,"energy transfer","systems","Mar Bio"
"81",20,47,"energy transfer","exp growth/decay","Mar Bio"
"82",20,48,"trophic level","exp growth/decay","Mar Bio"
"83",44,47,"energy transfer","discrete growth","Mar Bio"
"84",45,45,"photosynthesis","simultaneous linear eq","Mar Bio"
"85",42,10,"transects","graph","Mar Bio"
"86",12,49,"organic content","percentage","Mar Bio"
"87",12,50,"carbonated content","percentage","Mar Bio"
"88",8,51,"sediment analysis","log","Mar Bio"
"89",27,52,"graphic mean","mean","Mar Bio"
"90",46,53,"inclusive graphic SD","standard deviation","Mar Bio"
"91",47,51,"sediment analysis","skewness","Mar Bio"
"92",48,51,"sediment analysis","kurtosis","Mar Bio"
"93",49,15,"salinity","direct/inverse variation","Mar Bio"
"94",49,54,"estuaries","direct/inverse variation","Mar Bio"
"95",50,15,"salinity","indep/depend variables","Mar Bio"
"96",50,55,"depth","indep/depend variables","Mar Bio"
"97",50,56,"storms","indep/depend variables","Mar Bio"
"98",50,57,"distance","indep/depend variables","Mar Bio"
"99",49,15,"salinity","direct/inverse variation","Mar Bio"
"100",51,58,"salt peak","flow/rate of change","Mar Bio"
"101",52,58,"salt peak","flux","Mar Bio"
"102",51,59,"conformer/regulator","flow/rate of change","Mar Bio"
"103",30,59,"conformer/regulator","model","Mar Bio"
"104",51,60,"water flow","flow/rate of change","Mar Bio"
"105",41,61,"habitat degradation","interaction","Mar Bio"
"106",43,62,"pred mediated comp","systems","Mar Bio"
"107",53,62,"pred mediated comp","differential equations","Mar Bio"
"108",38,63,"effectiveness","function","Mar Bio"
"109",4,64,"marine protected areas","max/min","Mar Bio"
"110",38,64,"marine protected areas","function","Mar Bio"
"111",30,65,"fisheries","model","Mar Bio"
